{"x": {"mean": 195.44, "sigma": 115.44, "error_absolute": 195.44, "rms": 226.99, "rms_relative": 43.95}, "y": {"mean": 137.94, "sigma": 79.96, "error_absolute": 137.94, "rms": 159.44, "rms_relative": 177.36}, "z": {"mean": 13.34, "sigma": 7.7, "error_absolute": 13.34, "rms": 15.4, "rms_relative": 6447.28}, "total": {"mean": 115.57, "sigma": 111.22, "error_absolute": 115.57, "rms": 160.4, "rms_relative": 28.91}, "euklidian": {"mean": 240.66846729382598, "sigma": 138.78948097573357, "rms": 277.8197818354065, "rms_relative": 53.01152938288415, "cells": {"0": {"0": 241.92870620986386, "1": 137.32749455540056, "2": 278.1875979429029, "3": 76.45970212629105, "4": 241.92870620986386}, "1": {"0": 248.5207609524029, "1": 140.33822792921325, "2": 285.40740502424455, "3": 75.41606206214493, "4": 248.5207609524029}, "2": {"0": 246.80443834041827, "1": 139.56117130543552, "2": 283.5308648466238, "3": 72.02607986529674, "4": 246.80443834041827}, "3": {"0": 250.93279994400777, "1": 140.160649793234, "2": 287.4235165016965, "3": 74.71012883757098, "4": 250.93279994400777}, "4": {"0": 148.97079529032845, "1": 90.32286422829077, "2": 174.2139995862422, "3": 109.991140179313, "4": 148.97079529032845}, "5": {"0": 241.92774666694396, "1": 137.82582370735494, "2": 278.43310199751016, "3": 71.22740527448991, "4": 241.92774666694396}, "6": {"0": 244.53898505821104, "1": 141.1573794759713, "2": 282.35566400166886, "3": 71.49722452339151, "4": 244.53898505821104}, "7": {"0": 235.19873840342785, "1": 135.66492329039238, "2": 271.52056636275665, "3": 82.15563241969487, "4": 235.19873840342785}, "8": {"0": 255.83547543757456, "1": 142.98195967897124, "2": 293.0795647704029, "3": 71.08567666557902, "4": 255.83547543757456}, "9": {"0": 245.72476138222248, "1": 139.76482533943908, "2": 282.692173146895, "3": 72.54370261395616, "4": 245.72476138222248}, "10": {"0": 244.14675141727704, "1": 136.90738308829495, "2": 279.9129646366792, "3": 73.9067186749733, "4": 244.14675141727704}, "11": {"0": 247.77725987521097, "1": 142.56162791794657, "2": 285.8625338617897, "3": 69.962333195364, "4": 247.77725987521097}, "12": {"0": 243.1066090757425, "1": 139.28479326977777, "2": 280.1804365270898, "3": 72.59366725521336, "4": 243.1066090757425}, "13": {"0": 251.54048102692053, "1": 143.35153995786865, "2": 289.5207723178891, "3": 77.82004519038257, "4": 251.54048102692053}, "14": {"0": 248.71956035820597, "1": 140.1638201979768, "2": 285.4948619454824, "3": 74.03514747708701, "4": 248.71956035820597}, "15": {"0": 253.66899545519067, "1": 146.19225073673576, "2": 292.78000859129395, "3": 77.83409388780471, "4": 253.66899545519067}, "16": {"0": 245.03886559888556, "1": 139.73884899925895, "2": 282.08330608815965, "3": 71.76487182315411, "4": 245.03886559888556}, "17": {"0": 254.86242864525687, "1": 142.8753391726512, "2": 292.1784045384921, "3": 75.71246265208653, "4": 254.86242864525687}, "18": {"0": 186.99774588380265, "1": 107.40488504400662, "2": 215.64778296319093, "3": 84.71261822820944, "4": 186.99774588380265}, "19": {"0": 252.790367377857, "1": 142.49475909901147, "2": 290.1856754040716, "3": 71.33148848198725, "4": 252.790367377857}, "20": {"0": 235.04077722262448, "1": 130.22802212182742, "2": 268.70709834907336, "3": 74.27611080405357, "4": 235.04077722262448}, "21": {"0": 251.94111501708824, "1": 139.0393964922536, "2": 287.7608020787122, "3": 72.81154419808284, "4": 251.94111501708824}, "22": {"0": 226.2609433269136, "1": 129.93046358932546, "2": 260.91366358188645, "3": 73.99739372464067, "4": 226.2609433269136}, "23": {"0": 251.64903670922305, "1": 140.27106055779973, "2": 288.10277351440027, "3": 71.6760204685949, "4": 251.64903670922305}, "24": {"0": 252.03973437500605, "1": 139.26225526320368, "2": 287.95486355471985, "3": 74.52150159851378, "4": 252.03973437500605}, "25": {"0": 243.19295219998384, "1": 138.697266043853, "2": 279.9638255342696, "3": 76.65566114431398, "4": 243.19295219998384}, "26": {"0": 253.22441906166526, "1": 141.7980828761078, "2": 290.222850093609, "3": 70.70989254014353, "4": 253.22441906166526}, "27": {"0": 239.90023459328944, "1": 136.21888983776606, "2": 275.87625578608385, "3": 73.41472119235286, "4": 239.90023459328944}, "28": {"0": 226.61549213805927, "1": 130.2386983846202, "2": 261.37463502393433, "3": 76.3647221884808, "4": 226.61549213805927}, "29": {"0": 231.0957694240193, "1": 131.94916487620088, "2": 266.1124513381633, "3": 78.10664604025149, "4": 231.0957694240193}, "30": {"0": 250.19661624542678, "1": 143.8763659394041, "2": 288.615237741514, "3": 76.30055028198497, "4": 250.19661624542678}, "31": {"0": 249.73854071510513, "1": 143.6754597922379, "2": 288.1179905264876, "3": 70.31335829721374, "4": 249.73854071510513}, "32": {"0": 252.3016681406251, "1": 144.31704125690658, "2": 290.6605238825696, "3": 70.76233578801869, "4": 252.3016681406251}, "33": {"0": 254.44542732540694, "1": 140.45778408841548, "2": 290.63871833917256, "3": 72.28370627296633, "4": 254.44542732540694}, "34": {"0": 252.36231915908485, "1": 143.35502921240868, "2": 290.23680767925066, "3": 71.19020386365345, "4": 252.36231915908485}, "35": {"0": 180.8453213511882, "1": 110.27879716545263, "2": 211.81700441388926, "3": 90.75905971547253, "4": 180.8453213511882}, "36": {"0": 251.84616509365955, "1": 140.25001005446683, "2": 288.2647328284556, "3": 73.67265084640103, "4": 251.84616509365955}, "37": {"0": 253.67295266726558, "1": 141.63892608530242, "2": 290.5366625703656, "3": 71.15420598460122, "4": 253.67295266726558}}}}