{"x": {"mean": 0.89, "sigma": 19.73, "error_absolute": 8.48, "rms": 19.75, "rms_relative": 3.82}, "y": {"mean": -2.09, "sigma": 3.57, "error_absolute": 2.96, "rms": 4.14, "rms_relative": 4.6}, "z": {"mean": -0.01, "sigma": 0.08, "error_absolute": 0.06, "rms": 0.09, "rms_relative": 35.85}, "total": {"mean": -0.41, "sigma": 11.64, "error_absolute": 3.83, "rms": 11.65, "rms_relative": 2.1}, "euklidian": {"mean": 9.51860147078912, "sigma": 17.790904880534786, "rms": 20.17721661746102, "rms_relative": 3.850068215139012, "cells": {"0": {"0": 11.98279393933925, "1": 6.961240335181207, "2": 13.858074094073075, "3": 3.8088837356954137, "4": 11.98279393933925}, "1": {"0": 6.340326371206664, "1": 3.139133298381957, "2": 7.074877833463207, "3": 1.8694659507002993, "4": 6.340326371206664}, "2": {"0": 11.486881708249255, "1": 6.307125561139637, "2": 13.104513887332574, "3": 3.328973599948251, "4": 11.486881708249255}, "3": {"0": 6.262651667467203, "1": 2.9116151754021344, "2": 6.906396226517977, "3": 1.7951827956409632, "4": 6.262651667467203}, "4": {"0": 97.22019528047143, "1": 54.81309228315218, "2": 111.60753315083332, "3": 70.46414095891099, "4": 97.22019528047143}, "5": {"0": 7.402417535621553, "1": 5.973828691103367, "2": 9.512224482334677, "3": 2.433371116453085, "4": 7.402417535621553}, "6": {"0": 12.165935696046613, "1": 7.596713582744136, "2": 14.342944210258592, "3": 3.6318757980405727, "4": 12.165935696046613}, "7": {"0": 7.724496846222062, "1": 5.231978017121603, "2": 9.329600500500453, "3": 2.8229140783305735, "4": 7.724496846222062}, "8": {"0": 11.07423901921263, "1": 5.359221130625937, "2": 12.302846052097014, "3": 2.984022912722989, "4": 11.07423901921263}, "9": {"0": 5.320439509657089, "1": 1.9416735373589138, "2": 5.663671309459974, "3": 1.453396047732681, "4": 5.320439509657089}, "10": {"0": 6.740903611565766, "1": 2.469759368281086, "2": 7.179101116270238, "3": 1.8955313742900666, "4": 6.740903611565766}, "11": {"0": 7.31921525720144, "1": 4.421463397884656, "2": 8.551037981443194, "3": 2.0927911060677395, "4": 7.31921525720144}, "12": {"0": 7.277485450605457, "1": 4.1201538531550925, "2": 8.36286208528174, "3": 2.166785215432001, "4": 7.277485450605457}, "13": {"0": 4.358047345650222, "1": 3.450589283534376, "2": 5.558699764384763, "3": 1.4941182402940931, "4": 4.358047345650222}, "14": {"0": 3.0264132686155643, "1": 1.3959209413189193, "2": 3.3328325110729824, "3": 0.864277363145109, "4": 3.0264132686155643}, "15": {"0": 3.299480175865019, "1": 2.133792416212666, "2": 3.9293306690087744, "3": 1.0445928110986256, "4": 3.299480175865019}, "16": {"0": 10.37667751805715, "1": 6.091513895633523, "2": 12.032538296404836, "3": 3.0612005386763714, "4": 10.37667751805715}, "17": {"0": 3.920730082151281, "1": 2.199041693076205, "2": 4.495320761077396, "3": 1.1648766642073405, "4": 3.920730082151281}, "18": {"0": 9.953700544754488, "1": 8.054494675754455, "2": 12.804336726921962, "3": 5.029909762616605, "4": 9.953700544754488}, "19": {"0": 4.4522584887913546, "1": 2.150800804333078, "2": 4.944547476861203, "3": 1.2154353618704339, "4": 4.4522584887913546}, "20": {"0": 6.2502320196114765, "1": 2.3541268151336734, "2": 6.678870665068158, "3": 1.846175782524713, "4": 6.2502320196114765}, "21": {"0": 14.66312209373268, "1": 7.177731329521479, "2": 16.325653940179723, "3": 4.130847790391039, "4": 14.66312209373268}, "22": {"0": 5.055314668641237, "1": 5.807486241894215, "2": 7.699552120011258, "3": 2.1836602265524996, "4": 5.055314668641237}, "23": {"0": 7.033457569701801, "1": 2.54919547573167, "2": 7.481171229044713, "3": 1.8612128429068044, "4": 7.033457569701801}, "24": {"0": 6.734172351898847, "1": 2.3247382070764337, "2": 7.124148018992853, "3": 1.8436993959108379, "4": 6.734172351898847}, "25": {"0": 10.025883280063503, "1": 6.714936926988596, "2": 12.066843559062654, "3": 3.303969250954992, "4": 10.025883280063503}, "26": {"0": 5.329359578468644, "1": 2.217959756566498, "2": 5.772470788004387, "3": 1.4064047299489193, "4": 5.329359578468644}, "27": {"0": 7.190411256477011, "1": 2.331207960651724, "2": 7.558871912731243, "3": 2.011526771017834, "4": 7.190411256477011}, "28": {"0": 4.32454629086981, "1": 3.1006759466087894, "2": 5.321267889117607, "3": 1.5546923442121279, "4": 4.32454629086981}, "29": {"0": 4.125671490147329, "1": 2.808297675663358, "2": 4.990761573121953, "3": 1.4648380626420616, "4": 4.125671490147329}, "30": {"0": 4.1511674863741606, "1": 2.664646843633873, "2": 4.932801871271329, "3": 1.304073548421211, "4": 4.1511674863741606}, "31": {"0": 5.55659542726851, "1": 3.378578516836196, "2": 6.503118139536478, "3": 1.5870445124193016, "4": 5.55659542726851}, "32": {"0": 2.8381072731864623, "1": 1.5762807805301555, "2": 3.2464617652426844, "3": 0.7903626350301334, "4": 2.8381072731864623}, "33": {"0": 7.67562090145243, "1": 2.7941198464437766, "2": 8.168369601034493, "3": 2.0315257111792198, "4": 7.67562090145243}, "34": {"0": 3.5926063304840676, "1": 1.9924527105369305, "2": 4.108124639000155, "3": 1.0076538289069217, "4": 3.5926063304840676}, "35": {"0": 16.67598973488196, "1": 8.363487968004804, "2": 18.65573811535876, "3": 7.993585096405214, "4": 16.67598973488196}, "36": {"0": 4.685618660804569, "1": 2.387916592927844, "2": 5.259008260999418, "3": 1.3440599396580184, "4": 4.685618660804569}, "37": {"0": 8.093690159170535, "1": 3.5054253829320725, "2": 8.820194301032059, "3": 2.160119540740724, "4": 8.093690159170535}}}}