{"x": {"mean": -3.17, "sigma": 21.75, "error_absolute": 8.2, "rms": 21.98, "rms_relative": 4.26}, "y": {"mean": -3.58, "sigma": 3.78, "error_absolute": 3.89, "rms": 5.21, "rms_relative": 5.79}, "z": {"mean": -0.06, "sigma": 0.1, "error_absolute": 0.09, "rms": 0.12, "rms_relative": 49.98}, "total": {"mean": -2.27, "sigma": 12.85, "error_absolute": 4.06, "rms": 13.04, "rms_relative": 2.35}, "euklidian": {"mean": 9.979394719599805, "sigma": 20.27047563554483, "rms": 22.59381555782009, "rms_relative": 4.311185868054701, "cells": {"0": {"0": 10.259402952659503, "1": 5.209491413437402, "2": 11.506265672741812, "3": 3.1624905367074474, "4": 10.259402952659503}, "1": {"0": 8.801644557578472, "1": 5.037862172378287, "2": 10.141449708292736, "3": 2.679777003458465, "4": 8.801644557578472}, "2": {"0": 5.579240520557623, "1": 2.281636208041729, "2": 6.0277515353636755, "3": 1.5312453327757656, "4": 5.579240520557623}, "3": {"0": 6.218247438401666, "1": 3.3832712930705187, "2": 7.079062497796154, "3": 1.8400640201493255, "4": 6.218247438401666}, "4": {"0": 112.15260009591738, "1": 58.918640417133126, "2": 126.68706286309663, "3": 79.98469998607801, "4": 112.15260009591738}, "5": {"0": 10.81183699441164, "1": 8.816792981227012, "2": 13.951045038546109, "3": 3.5688886552435535, "4": 10.81183699441164}, "6": {"0": 5.521866206952742, "1": 3.230752258242398, "2": 6.397559422281673, "3": 1.619970132470614, "4": 5.521866206952742}, "7": {"0": 6.087829254009512, "1": 3.9108592154885593, "2": 7.235778108078342, "3": 2.189373477232474, "4": 6.087829254009512}, "8": {"0": 7.660586708082146, "1": 4.413055168362188, "2": 8.84079434389541, "3": 2.144311387555651, "4": 7.660586708082146}, "9": {"0": 5.847832545681494, "1": 2.208537107593816, "2": 6.250982453818804, "3": 1.6041102487094805, "4": 5.847832545681494}, "10": {"0": 8.292388867254179, "1": 3.341548641790642, "2": 8.94033894498491, "3": 2.360559169253013, "4": 8.292388867254179}, "11": {"0": 7.711763808918294, "1": 4.308295241885624, "2": 8.833612451075512, "3": 2.1619487145512557, "4": 7.711763808918294}, "12": {"0": 4.28142490450722, "1": 2.9958012032525683, "2": 5.2254592202355, "3": 1.353896269816061, "4": 4.28142490450722}, "13": {"0": 4.71823736518751, "1": 3.5171047311166364, "2": 5.884878038149525, "3": 1.581791424505637, "4": 4.71823736518751}, "14": {"0": 4.5296208148643125, "1": 2.7667680666525643, "2": 5.307774511139334, "3": 1.3764236106720662, "4": 4.5296208148643125}, "15": {"0": 5.174479590374808, "1": 3.333761726255923, "2": 6.155420885581612, "3": 1.6363877077280735, "4": 5.174479590374808}, "16": {"0": 6.164285218840738, "1": 3.239960682356909, "2": 6.963889536920949, "3": 1.7716845670106576, "4": 6.164285218840738}, "17": {"0": 4.328771192706206, "1": 1.8401209430613126, "2": 4.703648065480236, "3": 1.218860713024788, "4": 4.328771192706206}, "18": {"0": 14.595049390287938, "1": 10.416805353477978, "2": 17.931126581372176, "3": 7.043859480571414, "4": 14.595049390287938}, "19": {"0": 4.41250676352263, "1": 2.2026234835483436, "2": 4.9317102660650685, "3": 1.2122798051643, "4": 4.41250676352263}, "20": {"0": 5.185976540834693, "1": 2.653628857494073, "2": 5.825469834735484, "3": 1.6102784243100983, "4": 5.185976540834693}, "21": {"0": 10.988096544588508, "1": 6.281183339219122, "2": 12.656679256980553, "3": 3.2024944136363738, "4": 10.988096544588508}, "22": {"0": 9.85107543508228, "1": 10.421351071650745, "2": 14.340440906271944, "3": 4.067074285641271, "4": 9.85107543508228}, "23": {"0": 4.597285068238301, "1": 1.9379423450533597, "2": 4.989053069611281, "3": 1.2412080091221014, "4": 4.597285068238301}, "24": {"0": 5.28131079171794, "1": 2.872428550876844, "2": 6.0119122963171066, "3": 1.555857491932876, "4": 5.28131079171794}, "25": {"0": 9.352723771016695, "1": 6.07045681520427, "2": 11.150062236696293, "3": 3.0529493977413145, "4": 9.352723771016695}, "26": {"0": 5.633978068125139, "1": 2.333560908666602, "2": 6.098132122754637, "3": 1.485748854566407, "4": 5.633978068125139}, "27": {"0": 9.213186292704505, "1": 3.2284213904988373, "2": 9.762453909684217, "3": 2.5979322863088354, "4": 9.213186292704505}, "28": {"0": 4.8716233969463785, "1": 2.8986133318899707, "2": 5.668745343502886, "3": 1.6562133631452103, "4": 4.8716233969463785}, "29": {"0": 15.486665137077544, "1": 9.999455182952456, "2": 18.434367388761885, "3": 5.410669817851888, "4": 15.486665137077544}, "30": {"0": 6.4690633928859995, "1": 3.41919635962619, "2": 7.317081722029536, "3": 1.9344001592498143, "4": 6.4690633928859995}, "31": {"0": 4.576608699516314, "1": 3.5633612013329388, "2": 5.800249153239311, "3": 1.4155138184171554, "4": 4.576608699516314}, "32": {"0": 2.8240866356869683, "1": 1.6480369010246518, "2": 3.2697845422909255, "3": 0.7960406478505586, "4": 2.8240866356869683}, "33": {"0": 6.202103105338778, "1": 2.9078148974083162, "2": 6.849924846802528, "3": 1.7036200766628302, "4": 6.202103105338778}, "34": {"0": 3.414931570492779, "1": 2.015978878717988, "2": 3.9655930792991505, "3": 0.972693236302373, "4": 3.414931570492779}, "35": {"0": 21.251474664259973, "1": 11.876897231809645, "2": 24.34514044446347, "3": 10.431372407963966, "4": 21.251474664259973}, "36": {"0": 5.5335422223034145, "1": 2.8371810620404094, "2": 6.218495469550119, "3": 1.5892788584399067, "4": 5.5335422223034145}, "37": {"0": 5.33365281726049, "1": 3.0766383112223656, "2": 6.157398450088476, "3": 1.5079845475293483, "4": 5.33365281726049}}}}