{"x": {"mean": -0.16, "sigma": 19.92, "error_absolute": 7.75, "rms": 19.92, "rms_relative": 3.86}, "y": {"mean": -2.24, "sigma": 3.22, "error_absolute": 2.81, "rms": 3.92, "rms_relative": 4.36}, "z": {"mean": -0.12, "sigma": 0.12, "error_absolute": 0.12, "rms": 0.16, "rms_relative": 68.52}, "total": {"mean": -0.84, "sigma": 11.69, "error_absolute": 3.56, "rms": 11.72, "rms_relative": 2.11}, "euklidian": {"mean": 8.786056144727628, "sigma": 18.301355457971972, "rms": 20.301093423196363, "rms_relative": 3.8737054769772907, "cells": {"0": {"0": 4.273348677679998, "1": 1.8660237995924989, "2": 4.662998363893667, "3": 1.281622432326653, "4": 4.273348677679998}, "1": {"0": 5.079731818664127, "1": 2.48411350196696, "2": 5.654599476550334, "3": 1.4941715510985663, "4": 5.079731818664127}, "2": {"0": 9.213589052104503, "1": 5.422773496216223, "2": 10.690963268682813, "3": 2.71585308584887, "4": 9.213589052104503}, "3": {"0": 6.2802410780664815, "1": 3.228932416385973, "2": 7.061687655810174, "3": 1.8355477693598834, "4": 6.2802410780664815}, "4": {"0": 101.14603183407309, "1": 53.241492014764766, "2": 114.30300183169987, "3": 72.16594261796408, "4": 101.14603183407309}, "5": {"0": 5.112799409534483, "1": 3.1792030683516828, "2": 6.020635344542377, "3": 1.5401697234241667, "4": 5.112799409534483}, "6": {"0": 7.055074974456364, "1": 4.272755078309058, "2": 8.248061521013064, "3": 2.088548528097285, "4": 7.055074974456364}, "7": {"0": 6.849700555096569, "1": 4.816086689962585, "2": 8.373355880393776, "3": 2.533577316238541, "4": 6.849700555096569}, "8": {"0": 8.157667586020462, "1": 4.263897156247367, "2": 9.204800888833136, "3": 2.2326002164880556, "4": 8.157667586020462}, "9": {"0": 6.130239555883121, "1": 2.492501837003859, "2": 6.617582823054177, "3": 1.6981862461731887, "4": 6.130239555883121}, "10": {"0": 7.128750011597165, "1": 2.4101293706682982, "2": 7.525144537562355, "3": 1.9868988242399375, "4": 7.128750011597165}, "11": {"0": 6.2958619320249865, "1": 4.2150835641791335, "2": 7.576595998212817, "3": 1.8543050274993735, "4": 6.2958619320249865}, "12": {"0": 4.890098594235165, "1": 2.052123968644587, "2": 5.303232697518218, "3": 1.3740470769213837, "4": 4.890098594235165}, "13": {"0": 2.200156421910576, "1": 1.3585002219158258, "2": 2.5857708973959195, "3": 0.695027187432289, "4": 2.200156421910576}, "14": {"0": 3.3566640919928075, "1": 1.8989267352190264, "2": 3.8565679784237545, "3": 1.0000935816930276, "4": 3.3566640919928075}, "15": {"0": 3.719277042595082, "1": 2.594120285536824, "2": 4.534587277295309, "3": 1.205497238631965, "4": 3.719277042595082}, "16": {"0": 7.5478730627001775, "1": 4.499103030844759, "2": 8.787053877881451, "3": 2.235516181351864, "4": 7.5478730627001775}, "17": {"0": 3.5249262704370663, "1": 1.9452041270407114, "2": 4.026030837918853, "3": 1.043269128440744, "4": 3.5249262704370663}, "18": {"0": 10.788318328096812, "1": 7.179215145186511, "2": 12.958740002377738, "3": 5.09056378626174, "4": 10.788318328096812}, "19": {"0": 5.133914164319665, "1": 2.1916290892968195, "2": 5.582142304855198, "3": 1.3721646286266183, "4": 5.133914164319665}, "20": {"0": 7.330059106138385, "1": 2.2522377885774247, "2": 7.668268484852261, "3": 2.1196654764817553, "4": 7.330059106138385}, "21": {"0": 19.322084057594058, "1": 9.312565502698721, "2": 21.449168015817875, "3": 5.42724038060138, "4": 19.322084057594058}, "22": {"0": 5.3152179456606055, "1": 2.552126489910687, "2": 5.896176000627559, "3": 1.6722070090104098, "4": 5.3152179456606055}, "23": {"0": 4.471512971178677, "1": 1.8618690745017374, "2": 4.843654065063392, "3": 1.2050347300558832, "4": 4.471512971178677}, "24": {"0": 7.197412670299989, "1": 2.847788569052576, "2": 7.740326148207278, "3": 2.003163691371491, "4": 7.197412670299989}, "25": {"0": 4.632286321183419, "1": 3.845427341570615, "2": 6.020414271520014, "3": 1.6484230970387974, "4": 4.632286321183419}, "26": {"0": 6.766266662759312, "1": 2.6406542697363524, "2": 7.263292608992486, "3": 1.7696285447676643, "4": 6.766266662759312}, "27": {"0": 7.342270328561802, "1": 2.442747736386199, "2": 7.73795516149447, "3": 2.0591834522378645, "4": 7.342270328561802}, "28": {"0": 4.276792278417068, "1": 2.939817863879775, "2": 5.189747707308565, "3": 1.516266648677034, "4": 4.276792278417068}, "29": {"0": 3.1809172785546904, "1": 2.7539502075393503, "2": 4.207431102063801, "3": 1.234922793635225, "4": 3.1809172785546904}, "30": {"0": 3.5597858395329465, "1": 2.4094755317765704, "2": 4.298563429980914, "3": 1.1364013823251573, "4": 3.5597858395329465}, "31": {"0": 4.901330345336289, "1": 2.543622246666752, "2": 5.5220515470115235, "3": 1.3476214666470452, "4": 4.901330345336289}, "32": {"0": 3.492308580619507, "1": 1.8394054789079934, "2": 3.9471042218448424, "3": 0.960936526933854, "4": 3.492308580619507}, "33": {"0": 4.976805134460218, "1": 1.9918355847126177, "2": 5.360596827118884, "3": 1.3332146821782598, "4": 4.976805134460218}, "34": {"0": 3.91918422205354, "1": 1.9533971272711217, "2": 4.3790141930832425, "3": 1.0740984771026847, "4": 3.91918422205354}, "35": {"0": 19.81877283074746, "1": 14.301226282208964, "2": 24.439902407573523, "3": 10.471975884027932, "4": 19.81877283074746}, "36": {"0": 5.534585576882204, "1": 2.773501619136817, "2": 6.190633952931401, "3": 1.582158210118617, "4": 5.534585576882204}, "37": {"0": 3.9482768881809642, "1": 2.0353893759672963, "2": 4.442037854132325, "3": 1.0878822440791889, "4": 3.9482768881809642}}}}