{"x": {"mean": -0.86, "sigma": 21.21, "error_absolute": 8.63, "rms": 21.23, "rms_relative": 4.11}, "y": {"mean": -2.39, "sigma": 3.45, "error_absolute": 3.05, "rms": 4.19, "rms_relative": 4.66}, "z": {"mean": -0.05, "sigma": 0.07, "error_absolute": 0.06, "rms": 0.09, "rms_relative": 36.02}, "total": {"mean": -1.1, "sigma": 12.45, "error_absolute": 3.91, "rms": 12.49, "rms_relative": 2.25}, "euklidian": {"mean": 9.799951651598306, "sigma": 19.29498153587635, "rms": 21.641057387370736, "rms_relative": 4.129387554724078, "cells": {"0": {"0": 5.733411589777862, "1": 2.791124219401193, "2": 6.37670627094639, "3": 1.7526340700618992, "4": 5.733411589777862}, "1": {"0": 4.850124827796678, "1": 2.512858184657802, "2": 5.462432342959632, "3": 1.443393301417379, "4": 4.850124827796678}, "2": {"0": 9.798697445386527, "1": 5.497781616073592, "2": 11.235660831667232, "3": 2.8542240183932726, "4": 9.798697445386527}, "3": {"0": 7.095076586335268, "1": 3.534230789621654, "2": 7.9265944162845, "3": 2.060363387420633, "4": 7.095076586335268}, "4": {"0": 104.09179010544035, "1": 57.427356009272664, "2": 118.88230307985623, "3": 75.05711420409098, "4": 104.09179010544035}, "5": {"0": 7.422865214815239, "1": 6.7579698584209575, "2": 10.038380576798247, "3": 2.5679698157784783, "4": 7.422865214815239}, "6": {"0": 8.330883682522165, "1": 5.064547458348831, "2": 9.749526341806646, "3": 2.4687447879662496, "4": 8.330883682522165}, "7": {"0": 11.027360429210392, "1": 7.970529544278548, "2": 13.606322767446477, "3": 4.116947997127436, "4": 11.027360429210392}, "8": {"0": 9.576163433828196, "1": 4.772356015726242, "2": 10.699452698723736, "3": 2.5951240770947823, "4": 9.576163433828196}, "9": {"0": 5.003571013840282, "1": 1.8941802413425657, "2": 5.350106697743069, "3": 1.372929943243712, "4": 5.003571013840282}, "10": {"0": 6.299533953139625, "1": 2.284988869932351, "2": 6.7011418551224295, "3": 1.7693335731356992, "4": 6.299533953139625}, "11": {"0": 7.483064028523424, "1": 4.269964167840458, "2": 8.615616127104472, "3": 2.1085960374900488, "4": 7.483064028523424}, "12": {"0": 4.7464440036304, "1": 2.397330534862568, "2": 5.317511106992015, "3": 1.3777465575814987, "4": 4.7464440036304}, "13": {"0": 3.824699002044423, "1": 3.2497149411479644, "2": 5.018861390291619, "3": 1.3490155371923462, "4": 3.824699002044423}, "14": {"0": 3.1724285733770805, "1": 2.5346656683923783, "2": 4.0606444197573275, "3": 1.0530151275582396, "4": 3.1724285733770805}, "15": {"0": 3.638486303204867, "1": 2.544115399898529, "2": 4.439719106724014, "3": 1.1802770122553816, "4": 3.638486303204867}, "16": {"0": 8.757785775024033, "1": 5.059959365186609, "2": 10.114445138441999, "3": 2.5732180645094975, "4": 8.757785775024033}, "17": {"0": 4.286622889645254, "1": 2.3234673333945843, "2": 4.875821597165175, "3": 1.2634762009762819, "4": 4.286622889645254}, "18": {"0": 18.570442723931684, "1": 12.459440467113884, "2": 22.3628933663867, "3": 8.784784254184675, "4": 18.570442723931684}, "19": {"0": 4.335873646252176, "1": 1.8827593001707075, "2": 4.727005696912521, "3": 1.161960706551377, "4": 4.335873646252176}, "20": {"0": 5.271120046064898, "1": 2.1654820185380537, "2": 5.698597977804615, "3": 1.5752084609142254, "4": 5.271120046064898}, "21": {"0": 13.707345567939239, "1": 7.034181232346344, "2": 15.406850039135094, "3": 3.8983646642424583, "4": 13.707345567939239}, "22": {"0": 21.208553527818363, "1": 15.423347935664175, "2": 26.223699286845353, "3": 7.437270146782722, "4": 21.208553527818363}, "23": {"0": 6.2767664091405875, "1": 2.4778304431143487, "2": 6.748143467631663, "3": 1.6788455848961352, "4": 6.2767664091405875}, "24": {"0": 10.370594037829035, "1": 3.591257418043636, "2": 10.974805262058572, "3": 2.8402332149686305, "4": 10.370594037829035}, "25": {"0": 4.239482476640562, "1": 1.950722761656783, "2": 4.666747364341492, "3": 1.2777815273969844, "4": 4.239482476640562}, "26": {"0": 5.904213053965726, "1": 2.6608389069521428, "2": 6.476094152756702, "3": 1.5778355200962937, "4": 5.904213053965726}, "27": {"0": 5.92167130920999, "1": 2.424478799992379, "2": 6.398772424921303, "3": 1.7028072684630424, "4": 5.92167130920999}, "28": {"0": 5.009478914530514, "1": 3.1294141611787176, "2": 5.9066159505516955, "3": 1.7257110128403468, "4": 5.009478914530514}, "29": {"0": 4.718792180961924, "1": 4.100072424803821, "2": 6.251207366240867, "3": 1.8347914147719793, "4": 4.718792180961924}, "30": {"0": 3.7118175123862844, "1": 2.0400561034722764, "2": 4.2354950301673115, "3": 1.1197281337162537, "4": 3.7118175123862844}, "31": {"0": 4.9789457783782, "1": 2.4913750504294727, "2": 5.567481540690778, "3": 1.3587083669033344, "4": 4.9789457783782}, "32": {"0": 3.1386537911527084, "1": 1.6949904029950114, "2": 3.5670912641762413, "3": 0.8684210241227196, "4": 3.1386537911527084}, "33": {"0": 6.104869061090312, "1": 2.2788785286656257, "2": 6.516342041473185, "3": 1.6206559015662443, "4": 6.104869061090312}, "34": {"0": 3.4489751496311016, "1": 1.6511211601368445, "2": 3.823824089602517, "3": 0.9379196892848592, "4": 3.4489751496311016}, "35": {"0": 20.99092447482234, "1": 10.226175802136646, "2": 23.349380759324227, "3": 10.004710662954947, "4": 20.99092447482234}, "36": {"0": 5.439690873090476, "1": 2.664511016617339, "2": 6.057215181290739, "3": 1.5480599890737015, "4": 5.439690873090476}, "37": {"0": 3.9109433683573918, "1": 2.1754610149695495, "2": 4.4752774951002765, "3": 1.0960228354915207, "4": 3.9109433683573918}}}}