{"x": {"mean": -2.44, "sigma": 20.79, "error_absolute": 7.17, "rms": 20.93, "rms_relative": 4.05}, "y": {"mean": -2.14, "sigma": 3.93, "error_absolute": 3.17, "rms": 4.48, "rms_relative": 4.98}, "z": {"mean": 0.02, "sigma": 0.07, "error_absolute": 0.06, "rms": 0.07, "rms_relative": 30.34}, "total": {"mean": -1.52, "sigma": 12.26, "error_absolute": 3.47, "rms": 12.36, "rms_relative": 2.23}, "euklidian": {"mean": 8.658288198409181, "sigma": 19.574392966923273, "rms": 21.40380374022914, "rms_relative": 4.084116557088299, "cells": {"0": {"0": 4.423060649749246, "1": 2.1745618475062916, "2": 4.928710251170199, "3": 1.354653192514417, "4": 4.423060649749246}, "1": {"0": 5.817001195517265, "1": 3.2565031301332255, "2": 6.666506997312521, "3": 1.7615580275653195, "4": 5.817001195517265}, "2": {"0": 6.1346016114871915, "1": 4.187221836031424, "2": 7.427392788576596, "3": 1.886799825022003, "4": 6.1346016114871915}, "3": {"0": 5.9524443675646745, "1": 3.078880597369203, "2": 6.70157441813556, "3": 1.7419433673602076, "4": 5.9524443675646745}, "4": {"0": 106.71891385892525, "1": 58.422011163250026, "2": 121.66370849019694, "3": 76.81317257546681, "4": 106.71891385892525}, "5": {"0": 8.295749494118143, "1": 7.75067700593439, "2": 11.353081243410596, "3": 2.904290161756153, "4": 8.295749494118143}, "6": {"0": 3.702005275710123, "1": 1.7085079839907156, "2": 4.077234674720797, "3": 1.0324247045079535, "4": 3.702005275710123}, "7": {"0": 2.7878969518225696, "1": 1.246687236845271, "2": 3.0539480153556102, "3": 0.9240516618664028, "4": 2.7878969518225696}, "8": {"0": 8.738720702329699, "1": 4.724934594080673, "2": 9.934296473916307, "3": 2.4095374496616273, "4": 8.738720702329699}, "9": {"0": 4.846988177594608, "1": 1.9467087662135214, "2": 5.223310197010558, "3": 1.3403917673924484, "4": 4.846988177594608}, "10": {"0": 6.226865638405152, "1": 2.8625492068589686, "2": 6.853323547041953, "3": 1.8095148112815502, "4": 6.226865638405152}, "11": {"0": 4.82025674296876, "1": 2.8835213685489043, "2": 5.616900439834584, "3": 1.3746868286240324, "4": 4.82025674296876}, "12": {"0": 8.720533901427883, "1": 5.168714986484537, "2": 10.137224774930408, "3": 2.62651572438196, "4": 8.720533901427883}, "13": {"0": 3.0875567098457766, "1": 1.3088983096962357, "2": 3.3535386119201522, "3": 0.9013948264851116, "4": 3.0875567098457766}, "14": {"0": 2.760521077626743, "1": 1.7145418391449703, "2": 3.2496354161967353, "3": 0.8427025118610801, "4": 2.760521077626743}, "15": {"0": 2.949815298136334, "1": 2.101021736597476, "2": 3.621560800369673, "3": 0.9627737382502018, "4": 2.949815298136334}, "16": {"0": 3.9862956839009156, "1": 1.738243785989591, "2": 4.348798079816825, "3": 1.106378612441869, "4": 3.9862956839009156}, "17": {"0": 3.610034041496235, "1": 2.09749430383047, "2": 4.175144085581108, "3": 1.0819089834717566, "4": 3.610034041496235}, "18": {"0": 23.15699277845717, "1": 15.897388059357207, "2": 28.088667851133675, "3": 11.034032270195976, "4": 23.15699277845717}, "19": {"0": 3.8781985653337063, "1": 2.0186001786788235, "2": 4.372089980034559, "3": 1.0747177151966034, "4": 3.8781985653337063}, "20": {"0": 6.288298314593021, "1": 2.3518483696595975, "2": 6.713708844385787, "3": 1.8558057643268537, "4": 6.288298314593021}, "21": {"0": 11.8286574302425, "1": 5.490907084456923, "2": 13.040981451262414, "3": 3.29973363455264, "4": 11.8286574302425}, "22": {"0": 4.825783202203881, "1": 4.131889197942858, "2": 6.3530065212267814, "3": 1.8017681344575787, "4": 4.825783202203881}, "23": {"0": 5.510425785796123, "1": 2.3147205967278635, "2": 5.976848984346435, "3": 1.4869580910796165, "4": 5.510425785796123}, "24": {"0": 5.648900863939324, "1": 2.8810899834697175, "2": 6.3411955074310695, "3": 1.6410745951985406, "4": 5.648900863939324}, "25": {"0": 5.079461418439433, "1": 4.543273352145936, "2": 6.814855908508566, "3": 1.8659456602046378, "4": 5.079461418439433}, "26": {"0": 8.269106049814674, "1": 3.060483249537841, "2": 8.817293949040337, "3": 2.1482454170317906, "4": 8.269106049814674}, "27": {"0": 8.79059244683083, "1": 3.6433811094296336, "2": 9.515710245421934, "3": 2.5322701753519534, "4": 8.79059244683083}, "28": {"0": 4.130425126198377, "1": 3.124364274699526, "2": 5.179002205459037, "3": 1.5131271808268354, "4": 4.130425126198377}, "29": {"0": 7.395425736054693, "1": 6.958293311056269, "2": 10.154317683635394, "3": 2.9803930372582097, "4": 7.395425736054693}, "30": {"0": 2.911360193784753, "1": 2.5514590913087543, "2": 3.871170581694442, "3": 1.0234125125550562, "4": 2.911360193784753}, "31": {"0": 4.249269809295926, "1": 2.800879077966252, "2": 5.0893238766640625, "3": 1.2420170381465543, "4": 4.249269809295926}, "32": {"0": 2.919865643092827, "1": 1.9975358021538914, "2": 3.5377626622768914, "3": 0.8612808719339297, "4": 2.919865643092827}, "33": {"0": 6.136697786669027, "1": 2.2694793220724225, "2": 6.542904257149329, "3": 1.6272620943228921, "4": 6.136697786669027}, "34": {"0": 2.6701312005391276, "1": 1.5183330798262824, "2": 3.071634087808521, "3": 0.7534201421733345, "4": 2.6701312005391276}, "35": {"0": 13.183191810956567, "1": 9.679130559259956, "2": 16.354880455315847, "3": 7.007716759996317, "4": 13.183191810956567}, "36": {"0": 4.9308159341186535, "1": 2.444614060717467, "2": 5.5035519150832, "3": 1.4065586680568851, "4": 4.9308159341186535}, "37": {"0": 3.6320900645618126, "1": 1.9057534831517426, "2": 4.101703862498319, "3": 1.0045323675780686, "4": 3.6320900645618126}}}}